{"cameraMode":{"drawMode":0,"name":"Shaded","section":"Shading Mode"},"sceneLighting":false,"audioPlay":false,"sceneViewState":{"showFog":true,"showMaterialUpdate":false,"showSkybox":true,"showFlares":true,"showImageEffects":true,"showParticleSystems":true},"in2DMode":false,"pivot":{"x":1036.4171142578125,"y":-509.52935791015627,"z":3134.70166015625},"rotation":{"x":0.15217192471027375,"y":-0.14706997573375703,"z":0.022904859855771066,"w":0.9770821928977966},"size":1142.23876953125,"orthographic":false}