{"cameraMode":{"drawMode":0,"name":"Shaded","section":"Shading Mode"},"sceneLighting":false,"audioPlay":false,"sceneViewState":{"showFog":true,"showMaterialUpdate":false,"showSkybox":true,"showFlares":true,"showImageEffects":true,"showParticleSystems":true},"in2DMode":false,"pivot":{"x":1250.0,"y":-247.360595703125,"z":2050.14306640625},"rotation":{"x":0.12715160846710206,"y":-0.15054760873317719,"z":0.019529102370142938,"w":0.9801971912384033},"size":479.750244140625,"orthographic":false}