{"cameraMode":{"drawMode":0,"name":"Shaded","section":"Shading Mode"},"sceneLighting":false,"audioPlay":false,"sceneViewState":{"showFog":true,"showMaterialUpdate":false,"showSkybox":true,"showFlares":true,"showImageEffects":true,"showParticleSystems":true},"in2DMode":false,"pivot":{"x":-823.1615600585938,"y":227.9252166748047,"z":759.0747680664063},"rotation":{"x":-0.1512126624584198,"y":0.32461974024772646,"z":-0.05265655368566513,"w":-0.9321931600570679},"size":965.827392578125,"orthographic":false}