{"cameraMode":{"drawMode":0,"name":"Shaded","section":"Shading Mode"},"sceneLighting":false,"audioPlay":false,"sceneViewState":{"showFog":true,"showMaterialUpdate":false,"showSkybox":true,"showFlares":true,"showImageEffects":true,"showParticleSystems":true},"in2DMode":false,"pivot":{"x":740.9220581054688,"y":116.23379516601563,"z":694.6500854492188},"rotation":{"x":0.11876676231622696,"y":-0.6940075159072876,"z":0.11770264059305191,"w":0.7002814412117004},"size":730.0761108398438,"orthographic":false}