{"cameraMode":{"drawMode":0,"name":"Shaded","section":"Shading Mode"},"sceneLighting":false,"audioPlay":false,"sceneViewState":{"showFog":true,"showMaterialUpdate":false,"showSkybox":true,"showFlares":true,"showImageEffects":true,"showParticleSystems":true},"in2DMode":false,"pivot":{"x":1574.078125,"y":252.01678466796876,"z":877.139404296875},"rotation":{"x":-0.1512126624584198,"y":0.32461974024772646,"z":-0.05265655368566513,"w":-0.9321931600570679},"size":1282.5167236328125,"orthographic":false}