{"cameraMode":{"drawMode":0,"name":"Shaded","section":"Shading Mode"},"sceneLighting":false,"audioPlay":false,"sceneViewState":{"showFog":true,"showMaterialUpdate":true,"showSkybox":true,"showFlares":true,"showImageEffects":true,"showParticleSystems":true},"in2DMode":false,"pivot":{"x":1036.4171142578125,"y":-509.52935791015627,"z":3134.70166015625},"rotation":{"x":-0.09998585283756256,"y":0.29816511273384097,"z":-0.03142291307449341,"w":-0.9487429261207581},"size":1409.0189208984375,"orthographic":false}