{"cameraMode":{"drawMode":0,"name":"Shaded","section":"Shading Mode"},"sceneLighting":true,"audioPlay":false,"sceneViewState":{"showFog":true,"showMaterialUpdate":true,"showSkybox":true,"showFlares":true,"showImageEffects":true,"showParticleSystems":true},"in2DMode":false,"pivot":{"x":-297.33831787109377,"y":-63.695526123046878,"z":848.44921875},"rotation":{"x":-0.09998585283756256,"y":0.29816511273384097,"z":-0.03142291307449341,"w":-0.9487429261207581},"size":1770.1370849609375,"orthographic":false}